model_id,encoder_id,estimation_method,estimate,ci_lower,ci_upper,scenario_rows,metric
qwen35_35b_a3b,bge_m3,constant_half_mae,0.19999999999999998,0.2,0.2,320,mae
qwen35_35b_a3b,bge_m3,endpoint_distance_ratio_mae,0.18420441147253636,0.18275746188468026,0.18567962883468656,320,mae
qwen35_35b_a3b,bge_m3,interior_calibration_error,0.18575605625914107,0.1817647480016837,0.18978782373161318,320,mae
qwen35_35b_a3b,bge_m3,isotonic_cv_mae,0.17019397176568277,0.16664042878840024,0.17378624595785622,320,mae
qwen35_35b_a3b,bge_m3,length_only_cv_mae,0.20398416884282597,0.2024038983860259,0.20566649677915816,320,mae
qwen35_35b_a3b,multilingual_e5_large_instruct,constant_half_mae,0.19999999999999998,0.2,0.2,320,mae
qwen35_35b_a3b,multilingual_e5_large_instruct,endpoint_distance_ratio_mae,0.1775797668013916,0.17579751122113,0.17941385735716509,320,mae
qwen35_35b_a3b,multilingual_e5_large_instruct,interior_calibration_error,0.18648693322637366,0.18194608412365065,0.19117099665304743,320,mae
qwen35_35b_a3b,multilingual_e5_large_instruct,isotonic_cv_mae,0.16726423268812868,0.16377268649418944,0.1707860306339018,320,mae
qwen35_35b_a3b,multilingual_e5_large_instruct,length_only_cv_mae,0.20398416884282597,0.20236431090900067,0.20569877044904375,320,mae
qwen35_35b_a3b,text2vec_base_chinese,constant_half_mae,0.19999999999999998,0.2,0.2,320,mae
qwen35_35b_a3b,text2vec_base_chinese,endpoint_distance_ratio_mae,0.1765327580837551,0.17485526583289218,0.17821486336934253,320,mae
qwen35_35b_a3b,text2vec_base_chinese,interior_calibration_error,0.17550259340939636,0.17137787061550527,0.17944963734768768,320,mae
qwen35_35b_a3b,text2vec_base_chinese,isotonic_cv_mae,0.1579493392414429,0.15435029289035487,0.1616577042037968,320,mae
qwen35_35b_a3b,text2vec_base_chinese,length_only_cv_mae,0.20398416884282597,0.20242196966899687,0.20571157970173676,320,mae
qwen35_4b,bge_m3,constant_half_mae,0.19999999999999998,0.2,0.2,320,mae
qwen35_4b,bge_m3,endpoint_distance_ratio_mae,0.19236927101087184,0.1910547119042269,0.19370649003421117,320,mae
qwen35_4b,bge_m3,interior_calibration_error,0.2088578068459666,0.20501822753296178,0.2127284761072047,320,mae
qwen35_4b,bge_m3,isotonic_cv_mae,0.18439115719200735,0.18127572936752728,0.18745242246495544,320,mae
qwen35_4b,bge_m3,length_only_cv_mae,0.2030527168134657,0.20153050803231798,0.20473962789296768,320,mae
qwen35_4b,multilingual_e5_large_instruct,constant_half_mae,0.19999999999999998,0.2,0.2,320,mae
qwen35_4b,multilingual_e5_large_instruct,endpoint_distance_ratio_mae,0.18720043886589574,0.1855863662309579,0.1888372270378128,320,mae
qwen35_4b,multilingual_e5_large_instruct,interior_calibration_error,0.20201742160803854,0.1979409030564814,0.20619025764471544,320,mae
qwen35_4b,multilingual_e5_large_instruct,isotonic_cv_mae,0.17417910317766147,0.17070084599852417,0.17763941775159559,320,mae
qwen35_4b,multilingual_e5_large_instruct,length_only_cv_mae,0.2030527168134657,0.20153165364806896,0.2046948479695855,320,mae
qwen35_4b,text2vec_base_chinese,constant_half_mae,0.19999999999999998,0.2,0.2,320,mae
qwen35_4b,text2vec_base_chinese,endpoint_distance_ratio_mae,0.18607024041972525,0.1845376870272892,0.18762450165285202,320,mae
qwen35_4b,text2vec_base_chinese,interior_calibration_error,0.19464285909931264,0.19047207509215391,0.1987522338612556,320,mae
qwen35_4b,text2vec_base_chinese,isotonic_cv_mae,0.17105902409721843,0.16746954063213138,0.17456942091561478,320,mae
qwen35_4b,text2vec_base_chinese,length_only_cv_mae,0.2030527168134657,0.20152736280015096,0.20474324350043632,320,mae
qwen35_9b,bge_m3,constant_half_mae,0.19999999999999998,0.2,0.2,320,mae
qwen35_9b,bge_m3,endpoint_distance_ratio_mae,0.17234283931059985,0.17064325527316943,0.17405460288641206,320,mae
qwen35_9b,bge_m3,interior_calibration_error,0.16137452420761347,0.15771867625622701,0.16497672108765835,320,mae
qwen35_9b,bge_m3,isotonic_cv_mae,0.1391461250621226,0.13507150702128407,0.14322102798106537,320,mae
qwen35_9b,bge_m3,length_only_cv_mae,0.20357487377575412,0.20197858202979616,0.20529497514629585,320,mae
qwen35_9b,multilingual_e5_large_instruct,constant_half_mae,0.19999999999999998,0.2,0.2,320,mae
qwen35_9b,multilingual_e5_large_instruct,endpoint_distance_ratio_mae,0.16100601143971588,0.15887994200207708,0.1631449794950343,320,mae
qwen35_9b,multilingual_e5_large_instruct,interior_calibration_error,0.1584125475399398,0.15425413180852252,0.16256450112336207,320,mae
qwen35_9b,multilingual_e5_large_instruct,isotonic_cv_mae,0.13405777733915927,0.12982325787819007,0.13847973889533652,320,mae
qwen35_9b,multilingual_e5_large_instruct,length_only_cv_mae,0.20357487377575412,0.20196756233805715,0.20527565710123719,320,mae
qwen35_9b,text2vec_base_chinese,constant_half_mae,0.19999999999999998,0.2,0.2,320,mae
qwen35_9b,text2vec_base_chinese,endpoint_distance_ratio_mae,0.1596791559052912,0.15772062860164546,0.16161617450495508,320,mae
qwen35_9b,text2vec_base_chinese,interior_calibration_error,0.14848843149404406,0.14479075225915766,0.15222365059765486,320,mae
qwen35_9b,text2vec_base_chinese,isotonic_cv_mae,0.12573960692516886,0.12162381268283887,0.1298690309331194,320,mae
qwen35_9b,text2vec_base_chinese,length_only_cv_mae,0.20357487377575412,0.202027170499808,0.20527053022150624,320,mae
qwen36_27b,bge_m3,constant_half_mae,0.19999999999999998,0.2,0.2,320,mae
qwen36_27b,bge_m3,endpoint_distance_ratio_mae,0.1845150663515572,0.18290172307279354,0.186087280133599,320,mae
qwen36_27b,bge_m3,interior_calibration_error,0.18965391375162857,0.1855140278966375,0.19385123060842,320,mae
qwen36_27b,bge_m3,isotonic_cv_mae,0.16833903196147054,0.16464994741765226,0.17200830339615075,320,mae
qwen36_27b,bge_m3,length_only_cv_mae,0.20133412046916824,0.2005775823346445,0.2021669425437126,320,mae
qwen36_27b,multilingual_e5_large_instruct,constant_half_mae,0.19999999999999998,0.2,0.2,320,mae
qwen36_27b,multilingual_e5_large_instruct,endpoint_distance_ratio_mae,0.1759741201622777,0.17386069190090447,0.17804992918153317,320,mae
qwen36_27b,multilingual_e5_large_instruct,interior_calibration_error,0.1895093792013482,0.18497417352330256,0.19391797564174573,320,mae
qwen36_27b,multilingual_e5_large_instruct,isotonic_cv_mae,0.16026978581437146,0.15619849463830954,0.16432172998012612,320,mae
qwen36_27b,multilingual_e5_large_instruct,length_only_cv_mae,0.20133412046916824,0.20059696716005068,0.20217901938588795,320,mae
qwen36_27b,text2vec_base_chinese,constant_half_mae,0.19999999999999998,0.2,0.2,320,mae
qwen36_27b,text2vec_base_chinese,endpoint_distance_ratio_mae,0.17567001081993466,0.17359757997357259,0.17770714002525326,320,mae
qwen36_27b,text2vec_base_chinese,interior_calibration_error,0.1885392626725611,0.18418683857681947,0.19295320013555786,320,mae
qwen36_27b,text2vec_base_chinese,isotonic_cv_mae,0.1578089086845908,0.15392045861894182,0.16172365252878973,320,mae
qwen36_27b,text2vec_base_chinese,length_only_cv_mae,0.20133412046916824,0.20059346550963303,0.20219815903085953,320,mae
qwen36_35b_a3b,bge_m3,constant_half_mae,0.19999999999999998,0.2,0.2,320,mae
qwen36_35b_a3b,bge_m3,endpoint_distance_ratio_mae,0.18191110574601707,0.1803453256703238,0.1834663792060697,320,mae
qwen36_35b_a3b,bge_m3,interior_calibration_error,0.1781969512556854,0.17430862830853042,0.18218389824840148,320,mae
qwen36_35b_a3b,bge_m3,isotonic_cv_mae,0.15832159340929705,0.15432676371215515,0.1623321640972728,320,mae
qwen36_35b_a3b,bge_m3,length_only_cv_mae,0.20339261726971106,0.20219670403873216,0.20457385264411637,320,mae
qwen36_35b_a3b,multilingual_e5_large_instruct,constant_half_mae,0.19999999999999998,0.2,0.2,320,mae
qwen36_35b_a3b,multilingual_e5_large_instruct,endpoint_distance_ratio_mae,0.17276579342308482,0.17098052952555295,0.17459067985558396,320,mae
qwen36_35b_a3b,multilingual_e5_large_instruct,interior_calibration_error,0.17367725650090032,0.16943374092878116,0.178017898787083,320,mae
qwen36_35b_a3b,multilingual_e5_large_instruct,isotonic_cv_mae,0.1495874233992649,0.14549200626112638,0.15369434847852925,320,mae
qwen36_35b_a3b,multilingual_e5_large_instruct,length_only_cv_mae,0.20339261726971106,0.20217872835644823,0.20460513607943384,320,mae
qwen36_35b_a3b,text2vec_base_chinese,constant_half_mae,0.19999999999999998,0.2,0.2,320,mae
qwen36_35b_a3b,text2vec_base_chinese,endpoint_distance_ratio_mae,0.17169770530796796,0.16992077470500178,0.17347037801865045,320,mae
qwen36_35b_a3b,text2vec_base_chinese,interior_calibration_error,0.16647974551020303,0.16243593338722448,0.1705981807856204,320,mae
qwen36_35b_a3b,text2vec_base_chinese,isotonic_cv_mae,0.14310341466493842,0.13892953021545226,0.14733898048016753,320,mae
qwen36_35b_a3b,text2vec_base_chinese,length_only_cv_mae,0.20339261726971106,0.20220657020828012,0.20461302343997662,320,mae
