model_id,encoder_id,metric,estimate,ci_lower,ci_upper
qwen35_35b_a3b,bge_m3,trajectory_pca_pc1_explained_variance,0.35850400114170916,0.35397528329127503,0.3631900740872343
qwen35_35b_a3b,bge_m3,trajectory_endpoint_pc1_abs_cosine,0.7235113122625514,0.7080506551085248,0.7388448010820837
qwen35_35b_a3b,bge_m3,trajectory_ordered_path_length_ratio,4.807501657067921,4.751328009762702,4.862289251091552
qwen35_35b_a3b,bge_m3,trajectory_discrete_curvature_mean_degrees,117.13021357202896,116.86589067779136,117.39875160502893
qwen35_35b_a3b,bge_m3,trajectory_negative_local_slope_count,1.4541666666666666,1.4104166666666667,1.4989583333333334
qwen35_35b_a3b,multilingual_e5_large_instruct,trajectory_pca_pc1_explained_variance,0.4069523133765906,0.4015317012585123,0.41222991280284343
qwen35_35b_a3b,multilingual_e5_large_instruct,trajectory_endpoint_pc1_abs_cosine,0.7751641352235087,0.7621406281299632,0.7884900339676135
qwen35_35b_a3b,multilingual_e5_large_instruct,trajectory_ordered_path_length_ratio,4.518029064050383,4.461157605258435,4.574638591995632
qwen35_35b_a3b,multilingual_e5_large_instruct,trajectory_discrete_curvature_mean_degrees,116.37749696483998,116.08132979162056,116.66608088168044
qwen35_35b_a3b,multilingual_e5_large_instruct,trajectory_negative_local_slope_count,1.384375,1.3375,1.4322916666666665
qwen35_35b_a3b,text2vec_base_chinese,trajectory_pca_pc1_explained_variance,0.39155733877036275,0.38690828511448333,0.3963381277711805
qwen35_35b_a3b,text2vec_base_chinese,trajectory_endpoint_pc1_abs_cosine,0.7656915397187781,0.7517791931031863,0.7795058592839397
qwen35_35b_a3b,text2vec_base_chinese,trajectory_ordered_path_length_ratio,4.588434999079174,4.537476049378914,4.64077721755318
qwen35_35b_a3b,text2vec_base_chinese,trajectory_discrete_curvature_mean_degrees,116.82993214934697,116.56276042949504,117.08956740648532
qwen35_35b_a3b,text2vec_base_chinese,trajectory_negative_local_slope_count,1.3677083333333333,1.3208333333333333,1.4145833333333333
qwen35_4b,bge_m3,trajectory_pca_pc1_explained_variance,0.33239971222929887,0.328141198122019,0.3368489862249083
qwen35_4b,bge_m3,trajectory_endpoint_pc1_abs_cosine,0.621050407648935,0.6027630609937508,0.6387418003867318
qwen35_4b,bge_m3,trajectory_ordered_path_length_ratio,5.308171024530737,5.251388588837177,5.3667535559707575
qwen35_4b,bge_m3,trajectory_discrete_curvature_mean_degrees,118.50378772075983,118.25570341931555,118.7570123801766
qwen35_4b,bge_m3,trajectory_negative_local_slope_count,1.7020833333333336,1.6583333333333332,1.7458333333333331
qwen35_4b,multilingual_e5_large_instruct,trajectory_pca_pc1_explained_variance,0.3613161120950489,0.3569892689111603,0.3656956833055599
qwen35_4b,multilingual_e5_large_instruct,trajectory_endpoint_pc1_abs_cosine,0.6580909126800307,0.6408677532621574,0.675126333337306
qwen35_4b,multilingual_e5_large_instruct,trajectory_ordered_path_length_ratio,5.1356969401389145,5.075983968310251,5.1969101931847215
qwen35_4b,multilingual_e5_large_instruct,trajectory_discrete_curvature_mean_degrees,118.1694938734785,117.88966215249684,118.44203475816884
qwen35_4b,multilingual_e5_large_instruct,trajectory_negative_local_slope_count,1.6375,1.5916666666666668,1.684375
qwen35_4b,text2vec_base_chinese,trajectory_pca_pc1_explained_variance,0.3523421938063162,0.3478924661258388,0.35690516209844453
qwen35_4b,text2vec_base_chinese,trajectory_endpoint_pc1_abs_cosine,0.6628194106533312,0.6462873665800155,0.679113016168606
qwen35_4b,text2vec_base_chinese,trajectory_ordered_path_length_ratio,5.1662392112993505,5.108574357586752,5.225422929795284
qwen35_4b,text2vec_base_chinese,trajectory_discrete_curvature_mean_degrees,118.28828149491297,118.0457041828807,118.53668072996251
qwen35_4b,text2vec_base_chinese,trajectory_negative_local_slope_count,1.6083333333333336,1.5635416666666666,1.6541666666666663
qwen35_9b,bge_m3,trajectory_pca_pc1_explained_variance,0.3700838286557954,0.36455440776050246,0.37570739756417404
qwen35_9b,bge_m3,trajectory_endpoint_pc1_abs_cosine,0.6999107463822263,0.6851973596811178,0.7145934445422846
qwen35_9b,bge_m3,trajectory_ordered_path_length_ratio,4.890368229378284,4.828082351854792,4.953742555203494
qwen35_9b,bge_m3,trajectory_discrete_curvature_mean_degrees,117.10027279307364,116.84393072274786,117.36396449623639
qwen35_9b,bge_m3,trajectory_negative_local_slope_count,1.28125,1.234375,1.328125
qwen35_9b,multilingual_e5_large_instruct,trajectory_pca_pc1_explained_variance,0.4242834868587936,0.41807883580876165,0.4304646130761327
qwen35_9b,multilingual_e5_large_instruct,trajectory_endpoint_pc1_abs_cosine,0.7548718044550446,0.7410961468881516,0.7683153554919746
qwen35_9b,multilingual_e5_large_instruct,trajectory_ordered_path_length_ratio,4.54952546297958,4.494491466173242,4.605029234545251
qwen35_9b,multilingual_e5_large_instruct,trajectory_discrete_curvature_mean_degrees,116.00400238864677,115.71156128318475,116.30558447150713
qwen35_9b,multilingual_e5_large_instruct,trajectory_negative_local_slope_count,1.1541666666666668,1.10625,1.2010416666666666
qwen35_9b,text2vec_base_chinese,trajectory_pca_pc1_explained_variance,0.4117250828539773,0.4059145630181559,0.4177351069615709
qwen35_9b,text2vec_base_chinese,trajectory_endpoint_pc1_abs_cosine,0.7381438250347111,0.72532223268427,0.7510082006025657
qwen35_9b,text2vec_base_chinese,trajectory_ordered_path_length_ratio,4.654767885255023,4.602843346959682,4.706950896750774
qwen35_9b,text2vec_base_chinese,trajectory_discrete_curvature_mean_degrees,116.1504831757101,115.86977570213675,116.43937659697275
qwen35_9b,text2vec_base_chinese,trajectory_negative_local_slope_count,1.1489583333333333,1.1041666666666665,1.19375
qwen36_27b,bge_m3,trajectory_pca_pc1_explained_variance,0.37209753604993917,0.36648198017201095,0.3778258866822866
qwen36_27b,bge_m3,trajectory_endpoint_pc1_abs_cosine,0.7014467668712011,0.6846718841575516,0.7180606883386665
qwen36_27b,bge_m3,trajectory_ordered_path_length_ratio,4.921261145370779,4.860810306389899,4.983175620008733
qwen36_27b,bge_m3,trajectory_discrete_curvature_mean_degrees,117.98160447759767,117.70999257352976,118.25814814990403
qwen36_27b,bge_m3,trajectory_negative_local_slope_count,1.55,1.5041666666666669,1.596875
qwen36_27b,multilingual_e5_large_instruct,trajectory_pca_pc1_explained_variance,0.4282494322450482,0.4223776456759428,0.4342220199863933
qwen36_27b,multilingual_e5_large_instruct,trajectory_endpoint_pc1_abs_cosine,0.7420005984560994,0.7262524119235181,0.7575026199431397
qwen36_27b,multilingual_e5_large_instruct,trajectory_ordered_path_length_ratio,4.624800212574482,4.561143157492857,4.689394789423092
qwen36_27b,multilingual_e5_large_instruct,trajectory_discrete_curvature_mean_degrees,117.54138186303062,117.21622942573748,117.87747824759145
qwen36_27b,multilingual_e5_large_instruct,trajectory_negative_local_slope_count,1.5041666666666667,1.459375,1.5500000000000003
qwen36_27b,text2vec_base_chinese,trajectory_pca_pc1_explained_variance,0.42257503605449304,0.41669047751426724,0.4287982679545421
qwen36_27b,text2vec_base_chinese,trajectory_endpoint_pc1_abs_cosine,0.7346932539114291,0.7186835979092053,0.7501132133535914
qwen36_27b,text2vec_base_chinese,trajectory_ordered_path_length_ratio,4.715288388529647,4.652662120670916,4.778433775061858
qwen36_27b,text2vec_base_chinese,trajectory_discrete_curvature_mean_degrees,117.76027993966395,117.43154124222707,118.0802678796938
qwen36_27b,text2vec_base_chinese,trajectory_negative_local_slope_count,1.5239583333333333,1.4770833333333333,1.5698177083333331
qwen36_35b_a3b,bge_m3,trajectory_pca_pc1_explained_variance,0.35985679903624745,0.35494284016895394,0.3648675384765231
qwen36_35b_a3b,bge_m3,trajectory_endpoint_pc1_abs_cosine,0.6926983232891466,0.6757738325506584,0.7099510938492364
qwen36_35b_a3b,bge_m3,trajectory_ordered_path_length_ratio,4.956827577895199,4.887563646061271,5.0300603727282756
qwen36_35b_a3b,bge_m3,trajectory_discrete_curvature_mean_degrees,117.40498615675612,117.11437500095782,117.6880415996277
qwen36_35b_a3b,bge_m3,trajectory_negative_local_slope_count,1.3791666666666669,1.328125,1.4291666666666667
qwen36_35b_a3b,multilingual_e5_large_instruct,trajectory_pca_pc1_explained_variance,0.41284676313345087,0.4073504838089689,0.4183459453649707
qwen36_35b_a3b,multilingual_e5_large_instruct,trajectory_endpoint_pc1_abs_cosine,0.7545235110785597,0.7402421092935277,0.7682700126293323
qwen36_35b_a3b,multilingual_e5_large_instruct,trajectory_ordered_path_length_ratio,4.610583416502176,4.548056336787867,4.674308070278334
qwen36_35b_a3b,multilingual_e5_large_instruct,trajectory_discrete_curvature_mean_degrees,116.6491119975055,116.34741188042537,116.94707599123626
qwen36_35b_a3b,multilingual_e5_large_instruct,trajectory_negative_local_slope_count,1.2947916666666668,1.246875,1.3427083333333334
qwen36_35b_a3b,text2vec_base_chinese,trajectory_pca_pc1_explained_variance,0.39770629549087955,0.3925557584940644,0.4028928588893851
qwen36_35b_a3b,text2vec_base_chinese,trajectory_endpoint_pc1_abs_cosine,0.7353542282243212,0.7212371273093782,0.749281694733719
qwen36_35b_a3b,text2vec_base_chinese,trajectory_ordered_path_length_ratio,4.754374563380319,4.692513765738433,4.816112794530996
qwen36_35b_a3b,text2vec_base_chinese,trajectory_discrete_curvature_mean_degrees,116.86255243814944,116.5811730351022,117.14293117450401
qwen36_35b_a3b,text2vec_base_chinese,trajectory_negative_local_slope_count,1.2489583333333334,1.203125,1.2947916666666666
