scope,style_axis,metric,effect,estimate,ci_lower,ci_upper,paired_effect_size_dz,scenario_count
all_models,all,style_scalar_mae,prompt_P2_minus_P1,0.0167194444444444,0.0064749652777777,0.0273639930555555,0.3683712134532157,40
qwen35_4b,all,style_scalar_mae,prompt_P2_minus_P1,-0.0099027777777777,-0.0233194444444444,0.0047784722222222,-0.1335323163237756,40
qwen35_9b,all,style_scalar_mae,prompt_P2_minus_P1,0.0253472222222222,0.0052631944444444,0.0463055555555555,0.3251515673053069,40
qwen36_27b,all,style_scalar_mae,prompt_P2_minus_P1,0.0292527777777777,0.0131972222222222,0.0453363888888888,0.4266052345742082,40
qwen36_35b_a3b,all,style_scalar_mae,prompt_P2_minus_P1,0.0221805555555555,0.0062222222222222,0.0381114583333333,0.3994534786304413,40
qwen35_4b,concision_detail,style_scalar_mae,prompt_P2_minus_P1,0.0098888888888888,-0.0065555555555555,0.0318888888888889,0.3824906770995356,5
qwen35_9b,concision_detail,style_scalar_mae,prompt_P2_minus_P1,0.0065555555555555,-0.0185555555555555,0.0311111111111111,0.1984890010504366,5
qwen36_27b,concision_detail,style_scalar_mae,prompt_P2_minus_P1,-0.0350444444444444,-0.1083111111111111,0.0388888888888889,-0.367485070482058,5
qwen36_35b_a3b,concision_detail,style_scalar_mae,prompt_P2_minus_P1,0.0147777777777777,-0.0017777777777777,0.0304444444444444,0.6736228293956102,5
qwen35_4b,emotion_apology,style_scalar_mae,prompt_P2_minus_P1,-0.0765555555555555,-0.1327777777777777,-0.01,-0.9495277497789764,5
qwen35_9b,emotion_apology,style_scalar_mae,prompt_P2_minus_P1,-0.0009999999999999,-0.0526666666666666,0.0597777777777777,-0.0139702045246875,5
qwen36_27b,emotion_apology,style_scalar_mae,prompt_P2_minus_P1,0.0031333333333333,-0.0244888888888888,0.0289111111111111,0.090529018617075,5
qwen36_35b_a3b,emotion_apology,style_scalar_mae,prompt_P2_minus_P1,-0.0061111111111111,-0.0846666666666666,0.0724444444444444,-0.0591265412365315,5
qwen35_4b,empathy_clinical,style_scalar_mae,prompt_P2_minus_P1,0.0935555555555555,0.0502222222222222,0.1603333333333333,1.276057877237555,5
qwen35_9b,empathy_clinical,style_scalar_mae,prompt_P2_minus_P1,0.037,-0.0564444444444444,0.1445555555555555,0.2858940533167431,5
qwen36_27b,empathy_clinical,style_scalar_mae,prompt_P2_minus_P1,0.1024888888888889,0.0853777777777777,0.13,3.350721009116703,5
qwen36_35b_a3b,empathy_clinical,style_scalar_mae,prompt_P2_minus_P1,0.0247777777777777,-0.0207777777777777,0.0705555555555555,0.4423588890010115,5
qwen35_4b,expertise_explain,style_scalar_mae,prompt_P2_minus_P1,-0.0787777777777777,-0.1003333333333333,-0.0493333333333333,-2.374007390717053,5
qwen35_9b,expertise_explain,style_scalar_mae,prompt_P2_minus_P1,-0.0149999999999999,-0.0438888888888888,0.0138888888888888,-0.4135048716506921,5
qwen36_27b,expertise_explain,style_scalar_mae,prompt_P2_minus_P1,0.0188888888888888,-0.0061111111111111,0.0438888888888888,0.5656462812322794,5
qwen36_35b_a3b,expertise_explain,style_scalar_mae,prompt_P2_minus_P1,0.0625555555555555,0.0387777777777777,0.0831111111111111,2.172708962130037,5
qwen35_4b,formality_request,style_scalar_mae,prompt_P2_minus_P1,-0.0577777777777777,-0.1049999999999999,-0.0031111111111111,-0.8967183415684495,5
qwen35_9b,formality_request,style_scalar_mae,prompt_P2_minus_P1,0.0507777777777777,0.0233333333333333,0.0702222222222222,1.5930502507465,5
qwen36_27b,formality_request,style_scalar_mae,prompt_P2_minus_P1,0.0480222222222222,0.0044666666666666,0.0936666666666666,0.8101937868781212,5
qwen36_35b_a3b,formality_request,style_scalar_mae,prompt_P2_minus_P1,0.01,-0.0205555555555555,0.0364444444444444,0.272149972437992,5
qwen35_4b,humor_neutral,style_scalar_mae,prompt_P2_minus_P1,0.0424444444444444,0.0094444444444444,0.0803333333333333,0.9403263877400676,5
qwen35_9b,humor_neutral,style_scalar_mae,prompt_P2_minus_P1,0.0946666666666666,0.0421111111111111,0.1452222222222222,1.4010438799975546,5
qwen36_27b,humor_neutral,style_scalar_mae,prompt_P2_minus_P1,0.0681111111111111,0.0415555555555555,0.0946666666666666,1.928307095795691,5
qwen36_35b_a3b,humor_neutral,style_scalar_mae,prompt_P2_minus_P1,0.0339999999999999,0.0105555555555555,0.0516666666666666,1.2800938408966387,5
qwen35_4b,objectivity_cat,style_scalar_mae,prompt_P2_minus_P1,0.0088888888888888,-0.0075555555555555,0.0286666666666666,0.3836257637927721,5
qwen35_9b,objectivity_cat,style_scalar_mae,prompt_P2_minus_P1,0.0568888888888888,0.0313333333333333,0.0822222222222222,1.7895371665090731,5
qwen36_27b,objectivity_cat,style_scalar_mae,prompt_P2_minus_P1,0.0480222222222222,-0.0083777777777777,0.1112222222222222,0.6338127839455256,5
qwen36_35b_a3b,objectivity_cat,style_scalar_mae,prompt_P2_minus_P1,0.0128888888888888,-0.0267777777777778,0.044,0.2821682940817838,5
qwen35_4b,politeness_refusal,style_scalar_mae,prompt_P2_minus_P1,-0.0208888888888889,-0.047,0.0029999999999999,-0.655147717531699,5
qwen35_9b,politeness_refusal,style_scalar_mae,prompt_P2_minus_P1,-0.0271111111111111,-0.1254444444444444,0.0662222222222222,-0.2344942771341706,5
qwen36_27b,politeness_refusal,style_scalar_mae,prompt_P2_minus_P1,-0.0195999999999999,-0.0729777777777777,0.0305777777777777,-0.2958304436999017,5
qwen36_35b_a3b,politeness_refusal,style_scalar_mae,prompt_P2_minus_P1,0.0245555555555555,-0.0412222222222222,0.0902222222222222,0.2894011628693118,5
all_models,all,style_scalar_mae,temperature_low_minus_high,0.0009916666666666,-0.0034098263888888,0.0056403472222222,0.0598269450897395,40
qwen35_4b,all,style_scalar_mae,temperature_low_minus_high,6.94444444444428e-05,-0.0138614583333333,0.0151809027777777,0.0014368123349791,40
qwen35_9b,all,style_scalar_mae,temperature_low_minus_high,0.0059027777777777,-0.0016670138888888,0.0131111111111111,0.2025339793405056,40
qwen36_27b,all,style_scalar_mae,temperature_low_minus_high,0.0013138888888888,-0.0093393749999999,0.0118056944444444,0.0303109901713594,40
qwen36_35b_a3b,all,style_scalar_mae,temperature_low_minus_high,-0.0033194444444444,-0.0127916666666666,0.0054586805555555,-0.1072277398951409,40
qwen35_4b,concision_detail,style_scalar_mae,temperature_low_minus_high,0.0143333333333333,-0.0106666666666666,0.0452222222222222,0.3790962557347653,5
qwen35_9b,concision_detail,style_scalar_mae,temperature_low_minus_high,-0.0023333333333333,-0.0195555555555555,0.0147777777777777,-0.0994601849907035,5
qwen36_27b,concision_detail,style_scalar_mae,temperature_low_minus_high,0.0061555555555555,-0.0211111111111111,0.0334222222222222,0.1719114650809359,5
qwen36_35b_a3b,concision_detail,style_scalar_mae,temperature_low_minus_high,-0.0072222222222222,-0.030111111111111,0.0191111111111111,-0.23316744641264,5
qwen35_4b,emotion_apology,style_scalar_mae,temperature_low_minus_high,0.0092222222222222,-0.0477777777777777,0.0662222222222222,0.1267404539887252,5
qwen35_9b,emotion_apology,style_scalar_mae,temperature_low_minus_high,-0.0243333333333333,-0.0405555555555555,-0.0108888888888888,-1.3086584879291174,5
qwen36_27b,emotion_apology,style_scalar_mae,temperature_low_minus_high,-0.0466444444444444,-0.0624444444444444,-0.0267555555555555,-2.07406156224375,5
qwen36_35b_a3b,emotion_apology,style_scalar_mae,temperature_low_minus_high,-0.0065555555555555,-0.026,0.0175555555555555,-0.2330950885930855,5
qwen35_4b,empathy_clinical,style_scalar_mae,temperature_low_minus_high,-0.0035555555555555,-0.0283333333333333,0.0166666666666666,-0.1169488785881191,5
qwen35_9b,empathy_clinical,style_scalar_mae,temperature_low_minus_high,-0.0036666666666666,-0.0097777777777777,0.0023333333333333,-0.4663408510049555,5
qwen36_27b,empathy_clinical,style_scalar_mae,temperature_low_minus_high,0.0306222222222222,0.0007333333333333,0.06,0.7967704274951494,5
qwen36_35b_a3b,empathy_clinical,style_scalar_mae,temperature_low_minus_high,0.0014444444444444,-0.0189999999999999,0.0224444444444444,0.0541044728760048,5
qwen35_4b,expertise_explain,style_scalar_mae,temperature_low_minus_high,-0.0081111111111111,-0.071,0.0718888888888888,-0.0838813143835246,5
qwen35_9b,expertise_explain,style_scalar_mae,temperature_low_minus_high,0.025,0.0081111111111111,0.0418888888888888,1.1446639597358754,5
qwen36_27b,expertise_explain,style_scalar_mae,temperature_low_minus_high,-0.0226666666666666,-0.0458888888888888,0.0005555555555555,-0.7544954527875799,5
qwen36_35b_a3b,expertise_explain,style_scalar_mae,temperature_low_minus_high,0.0107777777777777,-0.0107777777777777,0.0317777777777777,0.3694869464519343,5
qwen35_4b,formality_request,style_scalar_mae,temperature_low_minus_high,-0.0117777777777777,-0.0387777777777777,0.0189999999999999,-0.3188348461148462,5
qwen35_9b,formality_request,style_scalar_mae,temperature_low_minus_high,0.0078888888888888,-0.0026666666666666,0.0179999999999999,0.6342826225991103,5
qwen36_27b,formality_request,style_scalar_mae,temperature_low_minus_high,0.0342444444444444,0.0032888888888888,0.0673333333333333,0.8966211340280005,5
qwen36_35b_a3b,formality_request,style_scalar_mae,temperature_low_minus_high,-0.0088888888888888,-0.0266666666666666,0.0076666666666666,-0.392882102030456,5
qwen35_4b,humor_neutral,style_scalar_mae,temperature_low_minus_high,0.002,-0.0326666666666666,0.0388888888888889,0.0451118610306981,5
qwen35_9b,humor_neutral,style_scalar_mae,temperature_low_minus_high,0.0073333333333333,-0.0097777777777777,0.0286666666666666,0.3015853086392183,5
qwen36_27b,humor_neutral,style_scalar_mae,temperature_low_minus_high,0.0105555555555555,0.0011111111111111,0.0217777777777777,0.8105312292079708,5
qwen36_35b_a3b,humor_neutral,style_scalar_mae,temperature_low_minus_high,-0.0055555555555555,-0.0454444444444444,0.0274444444444444,-0.11718973523813,5
qwen35_4b,objectivity_cat,style_scalar_mae,temperature_low_minus_high,0.0064444444444444,-0.0101111111111111,0.0199999999999999,0.339230595219665,5
qwen35_9b,objectivity_cat,style_scalar_mae,temperature_low_minus_high,0.0335555555555555,-0.0004444444444444,0.0617777777777777,0.8287747714927267,5
qwen36_27b,objectivity_cat,style_scalar_mae,temperature_low_minus_high,-0.0062444444444444,-0.0558888888888888,0.0432888888888888,-0.097557506894825,5
qwen36_35b_a3b,objectivity_cat,style_scalar_mae,temperature_low_minus_high,0.0019999999999999,-0.0342222222222222,0.0323333333333333,0.0483720684769459,5
qwen35_4b,politeness_refusal,style_scalar_mae,temperature_low_minus_high,-0.008,-0.0376666666666666,0.019111111111111,-0.2206316879013158,5
qwen35_9b,politeness_refusal,style_scalar_mae,temperature_low_minus_high,0.0037777777777777,-0.0334444444444444,0.0336666666666666,0.0917688004701137,5
qwen36_27b,politeness_refusal,style_scalar_mae,temperature_low_minus_high,0.0044888888888888,-0.0318666666666666,0.0408444444444444,0.0960558527397482,5
qwen36_35b_a3b,politeness_refusal,style_scalar_mae,temperature_low_minus_high,-0.0125555555555555,-0.0418888888888889,0.0042222222222221,-0.3847233488828198,5
all_models,all,style_scalar_mae,prompt_temperature_interaction,0.0080805555555555,-0.0038764583333333,0.0199251041666666,0.1797303074366749,40
qwen35_4b,all,style_scalar_mae,prompt_temperature_interaction,0.0148611111111111,-0.0066111111111111,0.0363618055555555,0.1918989633575095,40
qwen35_9b,all,style_scalar_mae,prompt_temperature_interaction,0.0113055555555555,-0.0045833333333333,0.0282777777777777,0.1862203901694804,40
qwen36_27b,all,style_scalar_mae,prompt_temperature_interaction,0.0199611111111111,-0.0103786111111111,0.0495787499999999,0.1699803992572328,40
qwen36_35b_a3b,all,style_scalar_mae,prompt_temperature_interaction,-0.0138055555555555,-0.0301402777777777,0.002917361111111,-0.2220677524491771,40
qwen35_4b,concision_detail,style_scalar_mae,prompt_temperature_interaction,0.018,-0.0237777777777777,0.0766666666666667,0.2733345206600761,5
qwen35_9b,concision_detail,style_scalar_mae,prompt_temperature_interaction,0.0113333333333333,-0.0184444444444444,0.0417777777777777,0.2764643910277019,5
qwen36_27b,concision_detail,style_scalar_mae,prompt_temperature_interaction,-0.0103555555555555,-0.1087111111111111,0.088,-0.0825298832813769,5
qwen36_35b_a3b,concision_detail,style_scalar_mae,prompt_temperature_interaction,-0.0415555555555555,-0.0711111111111111,-0.0102222222222222,-1.0589760570594402,5
qwen35_4b,emotion_apology,style_scalar_mae,prompt_temperature_interaction,0.0184444444444444,-0.0564444444444444,0.0982222222222222,0.1847320292301,5
qwen35_9b,emotion_apology,style_scalar_mae,prompt_temperature_interaction,0.0464444444444444,0.0031111111111111,0.102,0.7055216590224431,5
qwen36_27b,emotion_apology,style_scalar_mae,prompt_temperature_interaction,0.1778222222222222,0.0956444444444444,0.26,1.623863177300389,5
qwen36_35b_a3b,emotion_apology,style_scalar_mae,prompt_temperature_interaction,0.0037777777777777,-0.0748888888888889,0.0962222222222222,0.0351051273583418,5
qwen35_4b,empathy_clinical,style_scalar_mae,prompt_temperature_interaction,0.0124444444444444,-0.0253333333333333,0.0646666666666666,0.2075070574939322,5
qwen35_9b,empathy_clinical,style_scalar_mae,prompt_temperature_interaction,-0.0033333333333333,-0.034,0.0191111111111111,-0.0947499662782298,5
qwen36_27b,empathy_clinical,style_scalar_mae,prompt_temperature_interaction,0.0332444444444444,-0.08,0.1490666666666666,0.2211729980099824,5
qwen36_35b_a3b,empathy_clinical,style_scalar_mae,prompt_temperature_interaction,-0.018,-0.0344444444444444,-0.0004444444444444,-0.7917052668259467,5
qwen35_4b,expertise_explain,style_scalar_mae,prompt_temperature_interaction,0.0851111111111111,0.0024444444444444,0.1677777777777777,0.8134541304756369,5
qwen35_9b,expertise_explain,style_scalar_mae,prompt_temperature_interaction,-0.0477777777777777,-0.0917777777777777,-0.0022222222222222,-0.8227499283667509,5
qwen36_27b,expertise_explain,style_scalar_mae,prompt_temperature_interaction,-0.0017777777777777,-0.0615555555555555,0.0591111111111111,-0.0223917523973455,5
qwen36_35b_a3b,expertise_explain,style_scalar_mae,prompt_temperature_interaction,0.0535555555555555,-0.0013333333333333,0.1135555555555555,0.7129054367222101,5
qwen35_4b,formality_request,style_scalar_mae,prompt_temperature_interaction,0.0351111111111111,0.0006666666666666,0.0773333333333333,0.7315677267593809,5
qwen35_9b,formality_request,style_scalar_mae,prompt_temperature_interaction,-0.0002222222222222,-0.0237777777777777,0.0306666666666666,-0.0060768101715582,5
qwen36_27b,formality_request,style_scalar_mae,prompt_temperature_interaction,-0.0363999999999999,-0.0848888888888888,0.0058666666666666,-0.6161435558020645,5
qwen36_35b_a3b,formality_request,style_scalar_mae,prompt_temperature_interaction,-0.0222222222222222,-0.0573333333333333,0.0128888888888888,-0.4951496274255769,5
qwen35_4b,humor_neutral,style_scalar_mae,prompt_temperature_interaction,-0.0106666666666666,-0.0524444444444444,0.0311111111111111,-0.1972246553591906,5
qwen35_9b,humor_neutral,style_scalar_mae,prompt_temperature_interaction,0.0182222222222222,-0.0182222222222222,0.0444444444444444,0.4448219294942896,5
qwen36_27b,humor_neutral,style_scalar_mae,prompt_temperature_interaction,-0.0024444444444444,-0.0384444444444444,0.0335555555555555,-0.0515447279348514,5
qwen36_35b_a3b,humor_neutral,style_scalar_mae,prompt_temperature_interaction,-0.0097777777777777,-0.0646666666666666,0.0428888888888889,-0.1398288216941444,5
qwen35_4b,objectivity_cat,style_scalar_mae,prompt_temperature_interaction,-0.028,-0.0915555555555555,0.024,-0.3813064401207516,5
qwen35_9b,objectivity_cat,style_scalar_mae,prompt_temperature_interaction,0.0422222222222222,-0.008,0.0924444444444444,0.6518384272923641,5
qwen36_27b,objectivity_cat,style_scalar_mae,prompt_temperature_interaction,0.0426222222222222,-0.0242666666666666,0.0986222222222222,0.5243271787144228,5
qwen36_35b_a3b,objectivity_cat,style_scalar_mae,prompt_temperature_interaction,-0.0422222222222222,-0.0771111111111111,-0.01,-0.9689590623444057,5
qwen35_4b,politeness_refusal,style_scalar_mae,prompt_temperature_interaction,-0.0115555555555555,-0.0917777777777777,0.0526666666666666,-0.126812295742262,5
qwen35_9b,politeness_refusal,style_scalar_mae,prompt_temperature_interaction,0.0235555555555555,-0.0366666666666666,0.1153333333333333,0.2318955805137184,5
qwen36_27b,politeness_refusal,style_scalar_mae,prompt_temperature_interaction,-0.0430222222222222,-0.1770666666666666,0.0657777777777778,-0.2889652660647828,5
qwen36_35b_a3b,politeness_refusal,style_scalar_mae,prompt_temperature_interaction,-0.034,-0.0577777777777777,-0.0091111111111111,-1.1160156011575906,5
all_models,all,naturalness,prompt_P2_minus_P1,0.0318749999999999,-0.0108333333333333,0.0758333333333333,0.1406639693588625,40
qwen35_4b,all,naturalness,prompt_P2_minus_P1,-0.1158333333333333,-0.1824999999999999,-0.0483333333333333,-0.4552870926980837,40
qwen35_9b,all,naturalness,prompt_P2_minus_P1,-0.1291666666666667,-0.2016666666666667,-0.0533125000000002,-0.4738261178080984,40
qwen36_27b,all,naturalness,prompt_P2_minus_P1,0.2008333333333332,0.0949999999999999,0.3066666666666665,0.396989718484667,40
qwen36_35b_a3b,all,naturalness,prompt_P2_minus_P1,0.1716666666666666,0.0975,0.2449999999999999,0.4554235604336329,40
qwen35_4b,concision_detail,naturalness,prompt_P2_minus_P1,-0.0199999999999998,-0.0999999999999997,0.1,-0.1559625734730098,5
qwen35_9b,concision_detail,naturalness,prompt_P2_minus_P1,-0.2666666666666667,-0.4600000000000001,-0.1,-1.1428571428571428,5
qwen36_27b,concision_detail,naturalness,prompt_P2_minus_P1,0.0666666666666667,-0.2466666666666668,0.3533333333333332,0.1693335026669206,5
qwen36_35b_a3b,concision_detail,naturalness,prompt_P2_minus_P1,-0.0466666666666666,-0.1599999999999999,0.0333333333333332,-0.3639126714370257,5
qwen35_4b,emotion_apology,naturalness,prompt_P2_minus_P1,-0.1866666666666666,-0.3199999999999999,-0.0066666666666666,-0.8876596749275375,5
qwen35_9b,emotion_apology,naturalness,prompt_P2_minus_P1,-0.2333333333333334,-0.4400000000000003,-0.0400000000000001,-0.9312661473328347,5
qwen36_27b,emotion_apology,naturalness,prompt_P2_minus_P1,-0.1533333333333334,-0.3866666666666668,0.06,-0.535463226756677,5
qwen36_35b_a3b,emotion_apology,naturalness,prompt_P2_minus_P1,0.0466666666666667,-0.2133333333333335,0.2266666666666669,0.1635219465768382,5
qwen35_4b,empathy_clinical,naturalness,prompt_P2_minus_P1,0.0666666666666666,-2.1649348980190552e-16,0.1133333333333334,0.8528028654224401,5
qwen35_9b,empathy_clinical,naturalness,prompt_P2_minus_P1,0.12,-0.0533333333333334,0.3066666666666667,0.5262348115842176,5
qwen36_27b,empathy_clinical,naturalness,prompt_P2_minus_P1,0.14,-0.0199999999999999,0.2799999999999999,0.7129918293382962,5
qwen36_35b_a3b,empathy_clinical,naturalness,prompt_P2_minus_P1,0.0133333333333333,-0.2,0.3133333333333333,0.0405511869949687,5
qwen35_4b,expertise_explain,naturalness,prompt_P2_minus_P1,0.0733333333333332,-0.2333333333333334,0.3933333333333333,0.1786199199627935,5
qwen35_9b,expertise_explain,naturalness,prompt_P2_minus_P1,-0.1266666666666666,-0.3733333333333334,0.1600000000000001,-0.3563718276007177,5
qwen36_27b,expertise_explain,naturalness,prompt_P2_minus_P1,0.6599999999999999,0.3066666666666666,0.8733333333333334,1.6812293370131692,5
qwen36_35b_a3b,expertise_explain,naturalness,prompt_P2_minus_P1,0.8466666666666665,0.5466666666666666,1.06,2.4693968099345502,5
qwen35_4b,formality_request,naturalness,prompt_P2_minus_P1,-0.2133333333333333,-0.5200000000000001,0.0466666666666665,-0.5986277688174014,5
qwen35_9b,formality_request,naturalness,prompt_P2_minus_P1,-0.2066666666666667,-0.4000000000000002,0.04,-0.72220076740448,5
qwen36_27b,formality_request,naturalness,prompt_P2_minus_P1,0.0799999999999998,-0.0533333333333334,0.2466666666666664,0.4289820032418971,5
qwen36_35b_a3b,formality_request,naturalness,prompt_P2_minus_P1,0.2066666666666666,0.0066666666666666,0.3866666666666666,0.8500331705159768,5
qwen35_4b,humor_neutral,naturalness,prompt_P2_minus_P1,-0.3133333333333333,-0.5000000000000002,-0.1799999999999997,-1.4626918036102698,5
qwen35_9b,humor_neutral,naturalness,prompt_P2_minus_P1,-0.1666666666666666,-0.3066666666666667,-0.06,-1.0314212462587933,5
qwen36_27b,humor_neutral,naturalness,prompt_P2_minus_P1,-0.0333333333333333,-0.1133333333333333,0.0599999999999999,-0.2948839123097946,5
qwen36_35b_a3b,humor_neutral,naturalness,prompt_P2_minus_P1,-0.1333333333333333,-0.3,0.0333333333333333,-0.6135719910778961,5
qwen35_4b,objectivity_cat,naturalness,prompt_P2_minus_P1,-0.22,-0.2933333333333333,-0.1533333333333334,-2.4427695936521,5
qwen35_9b,objectivity_cat,naturalness,prompt_P2_minus_P1,0.0133333333333333,-0.2133333333333333,0.2466666666666666,0.0446377421015588,5
qwen36_27b,objectivity_cat,naturalness,prompt_P2_minus_P1,0.9600000000000002,0.4666666666666666,1.4533333333333334,1.451475736470861,5
qwen36_35b_a3b,objectivity_cat,naturalness,prompt_P2_minus_P1,0.2733333333333331,0.0799999999999998,0.4666666666666665,1.0987180386913558,5
qwen35_4b,politeness_refusal,naturalness,prompt_P2_minus_P1,-0.1133333333333334,-0.2600000000000001,0.0466666666666665,-0.593665751404142,5
qwen35_9b,politeness_refusal,naturalness,prompt_P2_minus_P1,-0.1666666666666666,-0.3533333333333334,0.0866666666666667,-0.5872202195147032,5
qwen36_27b,politeness_refusal,naturalness,prompt_P2_minus_P1,-0.1133333333333334,-0.4600000000000002,0.2599999999999998,-0.2518173113796536,5
qwen36_35b_a3b,politeness_refusal,naturalness,prompt_P2_minus_P1,0.1666666666666667,-0.0266666666666667,0.4133333333333333,0.5792844463634925,5
all_models,all,naturalness,temperature_low_minus_high,0.0410416666666666,0.0170833333333333,0.065,0.4705258916797307,40
qwen35_4b,all,naturalness,temperature_low_minus_high,0.0858333333333334,0.035,0.145,0.4726040653424612,40
qwen35_9b,all,naturalness,temperature_low_minus_high,0.0625,0.025,0.1,0.3964441100187193,40
qwen36_27b,all,naturalness,temperature_low_minus_high,-0.0041666666666666,-0.07,0.0608333333333333,-0.0166038704642127,40
qwen36_35b_a3b,all,naturalness,temperature_low_minus_high,0.02,-0.0149999999999999,0.0541666666666666,0.1527670316444186,40
qwen35_4b,concision_detail,naturalness,temperature_low_minus_high,0.0333333333333333,0.0066666666666667,0.06,1.0000000000000018,5
qwen35_9b,concision_detail,naturalness,temperature_low_minus_high,-0.0133333333333333,-0.1266666666666668,0.0933333333333334,-0.0922531208028882,5
qwen36_27b,concision_detail,naturalness,temperature_low_minus_high,-0.2133333333333333,-0.3733333333333334,-0.0799999999999999,-1.1261045489244583,5
qwen36_35b_a3b,concision_detail,naturalness,temperature_low_minus_high,0.0733333333333332,0.0066666666666666,0.1466666666666665,0.8198915917499223,5
qwen35_4b,emotion_apology,naturalness,temperature_low_minus_high,0.1600000000000002,0.0666666666666669,0.2466666666666667,1.5029382986043618,5
qwen35_9b,emotion_apology,naturalness,temperature_low_minus_high,0.06,-0.04,0.1400000000000001,0.5262348115842174,5
qwen36_27b,emotion_apology,naturalness,temperature_low_minus_high,0.06,-0.0533333333333329,0.1800000000000002,0.4107919181288753,5
qwen36_35b_a3b,emotion_apology,naturalness,temperature_low_minus_high,0.0866666666666667,-0.0133333333333333,0.1666666666666666,0.7413457330658625,5
qwen35_4b,empathy_clinical,naturalness,temperature_low_minus_high,0.0666666666666666,1.0658141036401504e-16,0.1599999999999999,0.6488856845230506,5
qwen35_9b,empathy_clinical,naturalness,temperature_low_minus_high,0.08,0.0133333333333333,0.1466666666666669,0.9203579866168438,5
qwen36_27b,empathy_clinical,naturalness,temperature_low_minus_high,0.0866666666666667,-0.0666666666666669,0.3000000000000001,0.3561309707013457,5
qwen36_35b_a3b,empathy_clinical,naturalness,temperature_low_minus_high,0.0266666666666666,-0.1133333333333332,0.1399999999999999,0.1679101920644455,5
qwen35_4b,expertise_explain,naturalness,temperature_low_minus_high,0.1266666666666667,-0.1133333333333333,0.5066666666666667,0.3006984147467084,5
qwen35_9b,expertise_explain,naturalness,temperature_low_minus_high,0.2733333333333333,0.0666666666666667,0.4599999999999999,1.0987180386913564,5
qwen36_27b,expertise_explain,naturalness,temperature_low_minus_high,-0.22,-0.54,0.0866666666666668,-0.5180655044616691,5
qwen36_35b_a3b,expertise_explain,naturalness,temperature_low_minus_high,-0.0066666666666666,-0.0733333333333333,0.0466666666666665,-0.0877058019307033,5
qwen35_4b,formality_request,naturalness,temperature_low_minus_high,0.0266666666666666,-0.0399999999999999,0.0799999999999999,0.3350831266333568,5
qwen35_9b,formality_request,naturalness,temperature_low_minus_high,0.1266666666666668,0.0533333333333336,0.2066666666666666,1.2883206568795438,5
qwen36_27b,formality_request,naturalness,temperature_low_minus_high,-0.0266666666666667,-0.1266666666666669,0.1266666666666666,-0.1578059686304946,5
qwen36_35b_a3b,formality_request,naturalness,temperature_low_minus_high,-0.1133333333333333,-0.2266666666666665,0.0066666666666665,-0.7454993164109753,5
qwen35_4b,humor_neutral,naturalness,temperature_low_minus_high,0.0866666666666667,-0.0266666666666667,0.2333333333333335,0.5069854243785703,5
qwen35_9b,humor_neutral,naturalness,temperature_low_minus_high,0.0599999999999999,-0.0333333333333333,0.1799999999999998,0.4404679058091568,5
qwen36_27b,humor_neutral,naturalness,temperature_low_minus_high,0.0866666666666666,-0.0466666666666666,0.24,0.4803298070591579,5
qwen36_35b_a3b,humor_neutral,naturalness,temperature_low_minus_high,0.0666666666666667,-0.0066666666666667,0.1466666666666667,0.6859943405700355,5
qwen35_4b,objectivity_cat,naturalness,temperature_low_minus_high,0.0866666666666668,0.0066666666666667,0.1666666666666668,0.8525735865191395,5
qwen35_9b,objectivity_cat,naturalness,temperature_low_minus_high,-0.0533333333333333,-0.0800000000000001,-0.02,-1.403292830891246,5
qwen36_27b,objectivity_cat,naturalness,temperature_low_minus_high,0.0399999999999999,-0.1733333333333332,0.2266666666666666,0.1566254008262591,5
qwen36_35b_a3b,objectivity_cat,naturalness,temperature_low_minus_high,-0.0333333333333333,-0.1800000000000001,0.1199999999999999,-0.172773685116272,5
qwen35_4b,politeness_refusal,naturalness,temperature_low_minus_high,0.1,-0.1,0.3000000000000001,0.4160251471689215,5
qwen35_9b,politeness_refusal,naturalness,temperature_low_minus_high,-0.0333333333333331,-0.113333333333333,0.06,-0.2948839123097931,5
qwen36_27b,politeness_refusal,naturalness,temperature_low_minus_high,0.1533333333333332,0.0399999999999999,0.2533333333333331,1.1393680306215617,5
qwen36_35b_a3b,politeness_refusal,naturalness,temperature_low_minus_high,0.06,0.0200000000000001,0.1133333333333333,0.9357754408380676,5
all_models,all,naturalness,prompt_temperature_interaction,0.01375,-0.0408333333333333,0.06875,0.0704793954430006,40
qwen35_4b,all,naturalness,prompt_temperature_interaction,0.0216666666666666,-0.1083333333333333,0.15,0.0470257211351703,40
qwen35_9b,all,naturalness,prompt_temperature_interaction,0.005,-0.0716666666666666,0.08,0.0184454592159075,40
qwen36_27b,all,naturalness,prompt_temperature_interaction,0.0616666666666666,-0.0466666666666667,0.1699999999999999,0.1570584300389661,40
qwen36_35b_a3b,all,naturalness,prompt_temperature_interaction,-0.0333333333333332,-0.1066666666666666,0.0366666666666667,-0.1388120121011047,40
qwen35_4b,concision_detail,naturalness,prompt_temperature_interaction,-0.0666666666666666,-0.2399999999999999,0.0399999999999999,-0.3535533905932736,5
qwen35_9b,concision_detail,naturalness,prompt_temperature_interaction,0.0799999999999999,-0.1600000000000001,0.28,0.2893456933022471,5
qwen36_27b,concision_detail,naturalness,prompt_temperature_interaction,0.3466666666666667,0.0533333333333332,0.72,0.8252928645896371,5
qwen36_35b_a3b,concision_detail,naturalness,prompt_temperature_interaction,0.04,-0.1466666666666665,0.24,0.1677050983124844,5
qwen35_4b,emotion_apology,naturalness,prompt_temperature_interaction,0.2399999999999999,0.0133333333333333,0.4666666666666666,0.8090398349558905,5
qwen35_9b,emotion_apology,naturalness,prompt_temperature_interaction,0.0666666666666666,-0.12,0.2799999999999999,0.2540002540003809,5
qwen36_27b,emotion_apology,naturalness,prompt_temperature_interaction,0.0666666666666665,-0.0933333333333333,0.2399999999999998,0.3015113445777631,5
qwen36_35b_a3b,emotion_apology,naturalness,prompt_temperature_interaction,0.0400000000000001,-0.0933333333333332,0.1466666666666668,0.2606233456578424,5
qwen35_4b,empathy_clinical,naturalness,prompt_temperature_interaction,-1.1102230246251566e-17,-0.2666666666666666,0.24,-3.435322847052258e-17,5
qwen35_9b,empathy_clinical,naturalness,prompt_temperature_interaction,0.1066666666666667,-0.0933333333333334,0.3203333333333287,0.3903600291794132,5
qwen36_27b,empathy_clinical,naturalness,prompt_temperature_interaction,0.2266666666666667,0.1333333333333334,0.3199999999999999,1.8716384007148148,5
qwen36_35b_a3b,empathy_clinical,naturalness,prompt_temperature_interaction,-0.08,-0.2266666666666666,0.0533333333333332,-0.4636004455717535,5
qwen35_4b,expertise_explain,naturalness,prompt_temperature_interaction,0.36,-0.5199999999999999,1.2399999999999998,0.324865294057995,5
qwen35_9b,expertise_explain,naturalness,prompt_temperature_interaction,-0.0933333333333333,-0.3733333333333333,0.1199999999999999,-0.2964664849213388,5
qwen36_27b,expertise_explain,naturalness,prompt_temperature_interaction,-0.2533333333333333,-0.6533333333333331,0.0666666666666665,-0.5445266203285261,5
qwen36_35b_a3b,expertise_explain,naturalness,prompt_temperature_interaction,-0.0933333333333333,-0.2799999999999999,0.1066666666666666,-0.3768673314407157,5
qwen35_4b,formality_request,naturalness,prompt_temperature_interaction,-0.1866666666666665,-0.3866666666666666,0.1466666666666668,-0.505346012979103,5
qwen35_9b,formality_request,naturalness,prompt_temperature_interaction,-0.1999999999999999,-0.4933333333333333,0.0133333333333334,-0.6188527477552758,5
qwen36_27b,formality_request,naturalness,prompt_temperature_interaction,1.1102230246251563e-16,-0.3466666666666665,0.3866666666666669,2.391281035244679e-16,5
qwen36_35b_a3b,formality_request,naturalness,prompt_temperature_interaction,-0.0666666666666667,-0.2533333333333336,0.1333333333333334,-0.2672612419124245,5
qwen35_4b,humor_neutral,naturalness,prompt_temperature_interaction,-0.0133333333333332,-0.1733333333333334,0.0933333333333335,-0.0720749970156442,5
qwen35_9b,humor_neutral,naturalness,prompt_temperature_interaction,-0.0133333333333333,-0.2533333333333334,0.1733333333333334,-0.0475382688541528,5
qwen36_27b,humor_neutral,naturalness,prompt_temperature_interaction,0.1199999999999999,0.0399999999999999,0.2133333333333333,1.095445115010332,5
qwen36_35b_a3b,humor_neutral,naturalness,prompt_temperature_interaction,-0.0533333333333332,-0.1866666666666667,0.1200000000000001,-0.2712254014483236,5
qwen35_4b,objectivity_cat,naturalness,prompt_temperature_interaction,-0.1466666666666667,-0.4133333333333334,0.1199999999999999,-0.4339664137338594,5
qwen35_9b,objectivity_cat,naturalness,prompt_temperature_interaction,0.0800000000000001,-0.1733333333333331,0.2666666666666666,0.2774983740377286,5
qwen36_27b,objectivity_cat,naturalness,prompt_temperature_interaction,0.0266666666666666,-0.3866666666666668,0.3466666666666667,0.0563995967443248,5
qwen36_35b_a3b,objectivity_cat,naturalness,prompt_temperature_interaction,-0.0933333333333333,-0.4266666666666666,0.1733333333333333,-0.2356354797565792,5
qwen35_4b,politeness_refusal,naturalness,prompt_temperature_interaction,-0.0133333333333333,-0.12,0.0933333333333334,-0.0877058019307027,5
qwen35_9b,politeness_refusal,naturalness,prompt_temperature_interaction,0.0133333333333333,-0.1466666666666666,0.1466666666666667,0.0720749970156449,5
qwen36_27b,politeness_refusal,naturalness,prompt_temperature_interaction,-0.04,-0.4800000000000001,0.4,-0.0715605364993045,5
qwen36_35b_a3b,politeness_refusal,naturalness,prompt_temperature_interaction,0.04,-0.2399999999999999,0.2666666666666667,0.1270570649662881,5
all_models,all,content_pass,prompt_P2_minus_P1,0.010625,0.003125,0.0202083333333333,0.3358798807232376,40
qwen35_4b,all,content_pass,prompt_P2_minus_P1,0.005,0.0008333333333333,0.0091666666666666,0.2811655278551302,40
qwen35_9b,all,content_pass,prompt_P2_minus_P1,0.0158333333333333,0.0008333333333333,0.0416666666666666,0.1991012014865358,40
qwen36_27b,all,content_pass,prompt_P2_minus_P1,0.0158333333333333,0.0008333333333333,0.0308333333333333,0.2909118744265616,40
qwen36_35b_a3b,all,content_pass,prompt_P2_minus_P1,0.0058333333333333,-0.0024999999999999,0.0133333333333333,0.224135211557526,40
qwen35_4b,concision_detail,content_pass,prompt_P2_minus_P1,-0.0066666666666666,-0.02,0.0,-0.4472135954999578,5
qwen35_9b,concision_detail,content_pass,prompt_P2_minus_P1,0.0,0.0,0.0,,5
qwen36_27b,concision_detail,content_pass,prompt_P2_minus_P1,0.04,-0.0066666666666666,0.0933333333333333,0.6238502938920437,5
qwen36_35b_a3b,concision_detail,content_pass,prompt_P2_minus_P1,0.0,0.0,0.0,,5
qwen35_4b,emotion_apology,content_pass,prompt_P2_minus_P1,0.0,-0.02,0.02,0.0,5
qwen35_9b,emotion_apology,content_pass,prompt_P2_minus_P1,0.0,0.0,0.0,,5
qwen36_27b,emotion_apology,content_pass,prompt_P2_minus_P1,0.0333333333333333,-0.02,0.0866666666666667,0.4714045207910317,5
qwen36_35b_a3b,emotion_apology,content_pass,prompt_P2_minus_P1,5.551115123125783e-18,-0.0533333333333333,0.04,8.901587530832623e-17,5
qwen35_4b,empathy_clinical,content_pass,prompt_P2_minus_P1,0.0066666666666666,0.0,0.02,0.4472135954999579,5
qwen35_9b,empathy_clinical,content_pass,prompt_P2_minus_P1,0.0066666666666666,0.0,0.02,0.4472135954999579,5
qwen36_27b,empathy_clinical,content_pass,prompt_P2_minus_P1,0.02,0.0,0.0466666666666666,0.6708203932499369,5
qwen36_35b_a3b,empathy_clinical,content_pass,prompt_P2_minus_P1,0.0133333333333333,0.0,0.04,0.4472135954999579,5
qwen35_4b,expertise_explain,content_pass,prompt_P2_minus_P1,0.0133333333333333,0.0,0.0266666666666666,0.7302967433402215,5
qwen35_9b,expertise_explain,content_pass,prompt_P2_minus_P1,0.0133333333333333,0.0,0.04,0.4472135954999579,5
qwen36_27b,expertise_explain,content_pass,prompt_P2_minus_P1,-0.0066666666666666,-0.0266666666666666,0.0133333333333333,-0.2390457218668787,5
qwen36_35b_a3b,expertise_explain,content_pass,prompt_P2_minus_P1,0.0,0.0,0.0,,5
qwen35_4b,formality_request,content_pass,prompt_P2_minus_P1,0.0,0.0,0.0,,5
qwen35_9b,formality_request,content_pass,prompt_P2_minus_P1,0.0066666666666666,0.0,0.02,0.4472135954999578,5
qwen36_27b,formality_request,content_pass,prompt_P2_minus_P1,-0.02,-0.0466666666666666,0.0,-0.6708203932499369,5
qwen36_35b_a3b,formality_request,content_pass,prompt_P2_minus_P1,0.0066666666666666,0.0,0.02,0.4472135954999578,5
qwen35_4b,humor_neutral,content_pass,prompt_P2_minus_P1,0.0,0.0,0.0,,5
qwen35_9b,humor_neutral,content_pass,prompt_P2_minus_P1,0.0,0.0,0.0,,5
qwen36_27b,humor_neutral,content_pass,prompt_P2_minus_P1,0.0,0.0,0.0,,5
qwen36_35b_a3b,humor_neutral,content_pass,prompt_P2_minus_P1,0.0066666666666666,0.0,0.02,0.4472135954999578,5
qwen35_4b,objectivity_cat,content_pass,prompt_P2_minus_P1,0.0,0.0,0.0,,5
qwen35_9b,objectivity_cat,content_pass,prompt_P2_minus_P1,0.0,0.0,0.0,,5
qwen36_27b,objectivity_cat,content_pass,prompt_P2_minus_P1,0.0266666666666666,0.0,0.08,0.4472135954999579,5
qwen36_35b_a3b,objectivity_cat,content_pass,prompt_P2_minus_P1,0.0133333333333333,0.0,0.04,0.4472135954999579,5
qwen35_4b,politeness_refusal,content_pass,prompt_P2_minus_P1,0.0266666666666666,0.0066666666666666,0.0466666666666666,0.9561828874675152,5
qwen35_9b,politeness_refusal,content_pass,prompt_P2_minus_P1,0.1,0.0,0.3,0.4472135954999578,5
qwen36_27b,politeness_refusal,content_pass,prompt_P2_minus_P1,0.0333333333333333,-0.0466666666666666,0.1133333333333333,0.3429971702850176,5
qwen36_35b_a3b,politeness_refusal,content_pass,prompt_P2_minus_P1,0.0066666666666666,0.0,0.02,0.4472135954999582,5
all_models,all,content_pass,temperature_low_minus_high,0.000625,-0.0022916666666666,0.0035416666666666,0.0556741541895265,40
qwen35_4b,all,content_pass,temperature_low_minus_high,0.005,1.7347234759768072e-19,0.01,0.2811655278551302,40
qwen35_9b,all,content_pass,temperature_low_minus_high,-0.0024999999999999,-0.0066666666666666,0.0008333333333333,-0.1799446409336437,40
qwen36_27b,all,content_pass,temperature_low_minus_high,0.0041666666666666,-0.0058333333333333,0.0141666666666666,0.103967844252831,40
qwen36_35b_a3b,all,content_pass,temperature_low_minus_high,-0.0041666666666666,-0.0116666666666666,0.0025,-0.1729392247586494,40
qwen35_4b,concision_detail,content_pass,temperature_low_minus_high,0.0066666666666666,0.0,0.02,0.4472135954999578,5
qwen35_9b,concision_detail,content_pass,temperature_low_minus_high,0.0,0.0,0.0,,5
qwen36_27b,concision_detail,content_pass,temperature_low_minus_high,-0.04,-0.0933333333333333,0.0066666666666666,-0.6238502938920437,5
qwen36_35b_a3b,concision_detail,content_pass,temperature_low_minus_high,0.0,0.0,0.0,,5
qwen35_4b,emotion_apology,content_pass,temperature_low_minus_high,0.0,-0.02,0.02,0.0,5
qwen35_9b,emotion_apology,content_pass,temperature_low_minus_high,0.0,0.0,0.0,,5
qwen36_27b,emotion_apology,content_pass,temperature_low_minus_high,0.0333333333333333,-0.0066666666666666,0.0733333333333333,0.6324555320336759,5
qwen36_35b_a3b,emotion_apology,content_pass,temperature_low_minus_high,-0.0133333333333333,-0.0466666666666666,0.0133333333333333,-0.3508232077228116,5
qwen35_4b,empathy_clinical,content_pass,temperature_low_minus_high,0.0066666666666666,0.0,0.02,0.4472135954999579,5
qwen35_9b,empathy_clinical,content_pass,temperature_low_minus_high,0.0066666666666666,0.0,0.02,0.4472135954999579,5
qwen36_27b,empathy_clinical,content_pass,temperature_low_minus_high,0.0066666666666666,-0.02,0.04,0.1825741858350553,5
qwen36_35b_a3b,empathy_clinical,content_pass,temperature_low_minus_high,-0.0133333333333333,-0.04,0.0,-0.4472135954999579,5
qwen35_4b,expertise_explain,content_pass,temperature_low_minus_high,-4.163336342344337e-18,-0.02,0.0199999999999999,-1.7663540160192467e-16,5
qwen35_9b,expertise_explain,content_pass,temperature_low_minus_high,-0.0133333333333333,-0.04,0.0,-0.4472135954999579,5
qwen36_27b,expertise_explain,content_pass,temperature_low_minus_high,0.0066666666666666,-0.0133333333333333,0.0266666666666666,0.2390457218668787,5
qwen36_35b_a3b,expertise_explain,content_pass,temperature_low_minus_high,0.0,0.0,0.0,,5
qwen35_4b,formality_request,content_pass,temperature_low_minus_high,0.0,0.0,0.0,,5
qwen35_9b,formality_request,content_pass,temperature_low_minus_high,-0.0066666666666666,-0.02,0.0,-0.4472135954999578,5
qwen36_27b,formality_request,content_pass,temperature_low_minus_high,-0.0066666666666666,-0.02,0.0,-0.4472135954999579,5
qwen36_35b_a3b,formality_request,content_pass,temperature_low_minus_high,-0.0066666666666666,-0.02,0.0,-0.4472135954999578,5
qwen35_4b,humor_neutral,content_pass,temperature_low_minus_high,0.0,0.0,0.0,,5
qwen35_9b,humor_neutral,content_pass,temperature_low_minus_high,0.0,0.0,0.0,,5
qwen36_27b,humor_neutral,content_pass,temperature_low_minus_high,0.0,0.0,0.0,,5
qwen36_35b_a3b,humor_neutral,content_pass,temperature_low_minus_high,-0.0066666666666666,-0.02,0.0,-0.4472135954999578,5
qwen35_4b,objectivity_cat,content_pass,temperature_low_minus_high,0.0,0.0,0.0,,5
qwen35_9b,objectivity_cat,content_pass,temperature_low_minus_high,0.0,0.0,0.0,,5
qwen36_27b,objectivity_cat,content_pass,temperature_low_minus_high,0.0,0.0,0.0,,5
qwen36_35b_a3b,objectivity_cat,content_pass,temperature_low_minus_high,0.0133333333333333,0.0,0.04,0.4472135954999579,5
qwen35_4b,politeness_refusal,content_pass,temperature_low_minus_high,0.0266666666666666,0.0066666666666666,0.0466666666666666,0.9561828874675152,5
qwen35_9b,politeness_refusal,content_pass,temperature_low_minus_high,-0.0066666666666666,-0.0199999999999999,0.0,-0.4472135954999579,5
qwen36_27b,politeness_refusal,content_pass,temperature_low_minus_high,0.0333333333333333,0.0066666666666666,0.0666666666666666,0.816496580927726,5
qwen36_35b_a3b,politeness_refusal,content_pass,temperature_low_minus_high,-0.0066666666666666,-0.04,0.02,-0.1825741858350553,5
all_models,all,content_pass,prompt_temperature_interaction,0.0045833333333333,-0.0033333333333333,0.0125,0.1622947464606728,40
qwen35_4b,all,content_pass,prompt_temperature_interaction,0.01,-0.0033333333333333,0.0266666666666666,0.1949025730641157,40
qwen35_9b,all,content_pass,prompt_temperature_interaction,0.0083333333333333,-0.0016666666666666,0.02,0.2058914868269839,40
qwen36_27b,all,content_pass,prompt_temperature_interaction,0.005,-0.0133333333333333,0.0233333333333333,0.0670648454148496,40
qwen36_35b_a3b,all,content_pass,prompt_temperature_interaction,-0.005,-0.0199999999999999,0.01,-0.0940993742278376,40
qwen35_4b,concision_detail,content_pass,prompt_temperature_interaction,0.0133333333333333,0.0,0.04,0.4472135954999579,5
qwen35_9b,concision_detail,content_pass,prompt_temperature_interaction,0.0,0.0,0.0,,5
qwen36_27b,concision_detail,content_pass,prompt_temperature_interaction,0.1066666666666666,0.04,0.1866666666666667,1.0550087574332592,5
qwen36_35b_a3b,concision_detail,content_pass,prompt_temperature_interaction,0.0,0.0,0.0,,5
qwen35_4b,emotion_apology,content_pass,prompt_temperature_interaction,0.0266666666666666,0.0,0.0533333333333333,0.7302967433402215,5
qwen35_9b,emotion_apology,content_pass,prompt_temperature_interaction,0.0,0.0,0.0,,5
qwen36_27b,emotion_apology,content_pass,prompt_temperature_interaction,-0.04,-0.0933333333333333,0.0266666666666666,-0.5262348115842176,5
qwen36_35b_a3b,emotion_apology,content_pass,prompt_temperature_interaction,-0.0266666666666666,-0.0933333333333333,0.0533333333333333,-0.2637521893583148,5
qwen35_4b,empathy_clinical,content_pass,prompt_temperature_interaction,-0.0133333333333333,-0.04,0.0,-0.4472135954999579,5
qwen35_9b,empathy_clinical,content_pass,prompt_temperature_interaction,-0.0133333333333333,-0.04,0.0,-0.4472135954999579,5
qwen36_27b,empathy_clinical,content_pass,prompt_temperature_interaction,0.0133333333333333,0.0,0.04,0.4472135954999579,5
qwen36_35b_a3b,empathy_clinical,content_pass,prompt_temperature_interaction,0.0266666666666666,0.0,0.08,0.4472135954999579,5
qwen35_4b,expertise_explain,content_pass,prompt_temperature_interaction,0.0266666666666666,0.0,0.0533333333333333,0.7302967433402215,5
qwen35_9b,expertise_explain,content_pass,prompt_temperature_interaction,0.0266666666666666,0.0,0.08,0.4472135954999579,5
qwen36_27b,expertise_explain,content_pass,prompt_temperature_interaction,-0.0133333333333333,-0.0533333333333333,0.0266666666666666,-0.2390457218668787,5
qwen36_35b_a3b,expertise_explain,content_pass,prompt_temperature_interaction,0.0,0.0,0.0,,5
qwen35_4b,formality_request,content_pass,prompt_temperature_interaction,0.0,0.0,0.0,,5
qwen35_9b,formality_request,content_pass,prompt_temperature_interaction,0.0133333333333333,0.0,0.04,0.4472135954999578,5
qwen36_27b,formality_request,content_pass,prompt_temperature_interaction,-0.04,-0.0933333333333333,0.0,-0.6708203932499369,5
qwen36_35b_a3b,formality_request,content_pass,prompt_temperature_interaction,0.0133333333333333,0.0,0.04,0.4472135954999579,5
qwen35_4b,humor_neutral,content_pass,prompt_temperature_interaction,0.0,0.0,0.0,,5
qwen35_9b,humor_neutral,content_pass,prompt_temperature_interaction,0.0,0.0,0.0,,5
qwen36_27b,humor_neutral,content_pass,prompt_temperature_interaction,0.0,0.0,0.0,,5
qwen36_35b_a3b,humor_neutral,content_pass,prompt_temperature_interaction,0.0133333333333333,0.0,0.04,0.4472135954999579,5
qwen35_4b,objectivity_cat,content_pass,prompt_temperature_interaction,0.0,0.0,0.0,,5
qwen35_9b,objectivity_cat,content_pass,prompt_temperature_interaction,0.0,0.0,0.0,,5
qwen36_27b,objectivity_cat,content_pass,prompt_temperature_interaction,0.0,0.0,0.0,,5
qwen36_35b_a3b,objectivity_cat,content_pass,prompt_temperature_interaction,-0.0266666666666666,-0.08,0.0,-0.4472135954999579,5
qwen35_4b,politeness_refusal,content_pass,prompt_temperature_interaction,0.0266666666666666,-0.0533333333333333,0.1466666666666666,0.1928971288681648,5
qwen35_9b,politeness_refusal,content_pass,prompt_temperature_interaction,0.04,0.0,0.12,0.4472135954999579,5
qwen36_27b,politeness_refusal,content_pass,prompt_temperature_interaction,0.0133333333333333,-0.0533333333333333,0.1066666666666666,0.1217161238900369,5
qwen36_35b_a3b,politeness_refusal,content_pass,prompt_temperature_interaction,-0.0399999999999999,-0.0933333333333333,0.0,-0.670820393249937,5
all_models,all,character_length,prompt_P2_minus_P1,-11.584791666666668,-17.574953125,-4.608057291666667,-0.5105190122779137,40
qwen35_4b,all,character_length,prompt_P2_minus_P1,0.3658333333333329,-3.2916875,4.019479166666662,0.0162336063346187,40
qwen35_9b,all,character_length,prompt_P2_minus_P1,3.859166666666667,0.8924791666666656,6.655041666666667,0.3551798159761492,40
qwen36_27b,all,character_length,prompt_P2_minus_P1,-33.26416666666667,-55.9141875,-6.522833333333359,-0.3813287937660345,40
qwen36_35b_a3b,all,character_length,prompt_P2_minus_P1,-17.3,-20.793541666666663,-14.062416666666667,-0.9318254741808948,40
qwen35_4b,concision_detail,character_length,prompt_P2_minus_P1,-1.673333333333335,-14.286666666666669,11.85333333333333,-0.0989362427740919,5
qwen35_9b,concision_detail,character_length,prompt_P2_minus_P1,0.5200000000000088,-12.286666666666658,10.546666666666674,0.0356557876718978,5
qwen36_27b,concision_detail,character_length,prompt_P2_minus_P1,-12.5,-110.47333333333331,139.00666666666663,-0.0728799054248753,5
qwen36_35b_a3b,concision_detail,character_length,prompt_P2_minus_P1,6.460000000000001,-9.599999999999994,16.560000000000002,0.369328355134825,5
qwen35_4b,emotion_apology,character_length,prompt_P2_minus_P1,0.9733333333333334,-3.947333333333333,8.813333333333333,0.1118809258200348,5
qwen35_9b,emotion_apology,character_length,prompt_P2_minus_P1,6.473333333333335,0.0466666666666677,13.16,0.7663734499069501,5
qwen36_27b,emotion_apology,character_length,prompt_P2_minus_P1,-38.50666666666667,-58.580000000000005,-21.206666666666667,-1.6347613025910115,5
qwen36_35b_a3b,emotion_apology,character_length,prompt_P2_minus_P1,-24.333333333333336,-27.19333333333334,-21.38,-6.304357889662882,5
qwen35_4b,empathy_clinical,character_length,prompt_P2_minus_P1,22.44666666666667,11.540000000000004,32.166666666666664,1.745844284148175,5
qwen35_9b,empathy_clinical,character_length,prompt_P2_minus_P1,2.279999999999999,-8.213333333333335,12.773333333333332,0.1706702848224481,5
qwen36_27b,empathy_clinical,character_length,prompt_P2_minus_P1,-35.10666666666667,-73.1,25.973333333333336,-0.5207078315563906,5
qwen36_35b_a3b,empathy_clinical,character_length,prompt_P2_minus_P1,-16.333333333333332,-22.526666666666664,-12.340000000000002,-2.364103418681151,5
qwen35_4b,expertise_explain,character_length,prompt_P2_minus_P1,16.566666666666666,6.266666666666662,26.586666666666662,1.2678427041330531,5
qwen35_9b,expertise_explain,character_length,prompt_P2_minus_P1,1.499999999999997,-1.033333333333336,3.87333333333333,0.4780206311074725,5
qwen36_27b,expertise_explain,character_length,prompt_P2_minus_P1,-71.27333333333333,-96.18000000000002,-51.63999999999999,-2.5289081602408228,5
qwen36_35b_a3b,expertise_explain,character_length,prompt_P2_minus_P1,-15.513333333333335,-27.02000000000001,-2.8466666666666627,-1.0131590748565211,5
qwen35_4b,formality_request,character_length,prompt_P2_minus_P1,-32.54,-38.626666666666665,-25.373333333333328,-3.702199960237696,5
qwen35_9b,formality_request,character_length,prompt_P2_minus_P1,6.713333333333333,3.4866666666666637,10.580000000000002,1.4915531619211804,5
qwen36_27b,formality_request,character_length,prompt_P2_minus_P1,-2.2466666666666684,-26.92666666666667,19.04,-0.0732514021909644,5
qwen36_35b_a3b,formality_request,character_length,prompt_P2_minus_P1,-39.5,-41.3,-36.72666666666667,-12.699790249103208,5
qwen35_4b,humor_neutral,character_length,prompt_P2_minus_P1,8.98,-1.5666666666666658,22.06,0.6072385532179907,5
qwen35_9b,humor_neutral,character_length,prompt_P2_minus_P1,15.493333333333334,7.506666666666668,22.12666666666667,1.6464814755788637,5
qwen36_27b,humor_neutral,character_length,prompt_P2_minus_P1,-44.513333333333335,-63.32666666666667,-25.7,-1.7823748044281034,5
qwen36_35b_a3b,humor_neutral,character_length,prompt_P2_minus_P1,-10.726666666666665,-20.146666666666658,-3.226666666666669,-0.981276805570238,5
qwen35_4b,objectivity_cat,character_length,prompt_P2_minus_P1,14.833333333333329,-0.3600000000000037,25.093333333333327,0.88998843022561,5
qwen35_9b,objectivity_cat,character_length,prompt_P2_minus_P1,1.4999999999999978,-10.123666666666663,12.739999999999991,0.1013178217365391,5
qwen36_27b,objectivity_cat,character_length,prompt_P2_minus_P1,-85.54666666666665,-136.0,-44.4,-1.445177854390298,5
qwen36_35b_a3b,objectivity_cat,character_length,prompt_P2_minus_P1,-36.3,-49.85333333333334,-22.746666666666677,-2.129362920992261,5
qwen35_4b,politeness_refusal,character_length,prompt_P2_minus_P1,-26.660000000000004,-34.82666666666667,-18.49333333333333,-2.4758264069081384,5
qwen35_9b,politeness_refusal,character_length,prompt_P2_minus_P1,-3.606666666666669,-10.186666666666673,1.559999999999999,-0.4574809529450108,5
qwen36_27b,politeness_refusal,character_length,prompt_P2_minus_P1,23.580000000000013,-64.56666666666666,158.73333333333338,0.1568114272497852,5
qwen36_35b_a3b,politeness_refusal,character_length,prompt_P2_minus_P1,-2.1533333333333333,-12.466666666666663,7.506666666666665,-0.1717861542300513,5
all_models,all,character_length,temperature_low_minus_high,0.1439583333333328,-1.7281875000000002,2.004385416666667,0.0193919165987112,40
qwen35_4b,all,character_length,temperature_low_minus_high,-2.580833333333333,-4.865083333333335,-0.3607916666666683,-0.3248724995411667,40
qwen35_9b,all,character_length,temperature_low_minus_high,-1.9241666666666668,-3.3383333333333325,-0.5199999999999994,-0.3891056952044103,40
qwen36_27b,all,character_length,temperature_low_minus_high,5.540833333333333,-1.408333333333333,12.335020833333331,0.1954349227136099,40
qwen36_35b_a3b,all,character_length,temperature_low_minus_high,-0.4600000000000011,-2.658354166666669,1.7725416666666645,-0.0602320150360771,40
qwen35_4b,concision_detail,character_length,temperature_low_minus_high,-5.113333333333333,-10.249333333333336,1.1733333333333331,-0.7212792263312037,5
qwen35_9b,concision_detail,character_length,temperature_low_minus_high,-1.760000000000001,-5.4133333333333296,1.893333333333329,-0.3685357680200404,5
qwen36_27b,concision_detail,character_length,temperature_low_minus_high,40.39333333333334,10.900000000000006,77.08666666666667,0.9678025625381728,5
qwen36_35b_a3b,concision_detail,character_length,temperature_low_minus_high,-5.526666666666668,-12.086666666666668,-0.6799999999999988,-0.7601810471231144,5
qwen35_4b,emotion_apology,character_length,temperature_low_minus_high,-4.7200000000000015,-8.26,-1.1999999999999988,-1.0022584377906745,5
qwen35_9b,emotion_apology,character_length,temperature_low_minus_high,-2.6733333333333325,-4.466666666666666,-0.8799999999999988,-1.1772243226848829,5
qwen36_27b,emotion_apology,character_length,temperature_low_minus_high,-0.2533333333333317,-13.146666666666665,12.08666666666667,-0.0156612072439075,5
qwen36_35b_a3b,emotion_apology,character_length,temperature_low_minus_high,-1.773333333333336,-13.193333333333335,9.646666666666665,-0.1203240576882474,5
qwen35_4b,empathy_clinical,character_length,temperature_low_minus_high,-3.926666666666665,-13.899999999999997,5.746666666666665,-0.3091329037057571,5
qwen35_9b,empathy_clinical,character_length,temperature_low_minus_high,-1.3733333333333348,-7.140000000000001,4.533333333333335,-0.1777279200492274,5
qwen36_27b,empathy_clinical,character_length,temperature_low_minus_high,-9.21333333333334,-42.49333333333334,19.04433333333288,-0.2349000986482548,5
qwen36_35b_a3b,empathy_clinical,character_length,temperature_low_minus_high,0.0933333333333331,-7.020000000000001,7.44666666666667,0.0097948391121139,5
qwen35_4b,expertise_explain,character_length,temperature_low_minus_high,1.7799999999999965,-7.706666666666672,11.266666666666664,0.1422916213827044,5
qwen35_9b,expertise_explain,character_length,temperature_low_minus_high,-3.860000000000002,-6.926666666666671,-1.3133333333333337,-1.052414204322624,5
qwen36_27b,expertise_explain,character_length,temperature_low_minus_high,0.5399999999999974,-8.020000000000001,9.139999999999995,0.0471962943796233,5
qwen36_35b_a3b,expertise_explain,character_length,temperature_low_minus_high,-1.5933333333333313,-3.753333333333331,0.5666666666666687,-0.5708017112125526,5
qwen35_4b,formality_request,character_length,temperature_low_minus_high,-2.379999999999998,-8.433333333333326,3.393333333333333,-0.3130425965307303,5
qwen35_9b,formality_request,character_length,temperature_low_minus_high,-3.3399999999999985,-9.406666666666666,0.2600000000000022,-0.4993442977011023,5
qwen36_27b,formality_request,character_length,temperature_low_minus_high,25.606666666666666,9.953333333333326,44.42666666666666,1.1977344142872306,5
qwen36_35b_a3b,formality_request,character_length,temperature_low_minus_high,0.6733333333333287,-2.3600000000000003,4.01999999999999,0.162100300339709,5
qwen35_4b,humor_neutral,character_length,temperature_low_minus_high,-2.846666666666665,-6.279999999999998,0.3800000000000028,-0.6577350441216586,5
qwen35_9b,humor_neutral,character_length,temperature_low_minus_high,-2.253333333333328,-5.866666666666661,1.5733333333333397,-0.4650548107061161,5
qwen36_27b,humor_neutral,character_length,temperature_low_minus_high,2.846666666666668,-7.36666666666666,11.173333333333332,0.2450148632427225,5
qwen36_35b_a3b,humor_neutral,character_length,temperature_low_minus_high,2.9800000000000004,-1.5600000000000016,8.120000000000005,0.4853730629983083,5
qwen35_4b,objectivity_cat,character_length,temperature_low_minus_high,2.459999999999995,-1.43333333333334,7.746666666666661,0.4244064590983478,5
qwen35_9b,objectivity_cat,character_length,temperature_low_minus_high,1.9266666666666663,-1.1866666666666714,5.213333333333332,0.4415083280780164,5
qwen36_27b,objectivity_cat,character_length,temperature_low_minus_high,-0.08,-5.853333333333339,5.693333333333338,-0.0103437418424059,5
qwen36_35b_a3b,objectivity_cat,character_length,temperature_low_minus_high,1.793333333333327,-0.6533333333333416,6.186666666666662,0.3685087101163897,5
qwen35_4b,politeness_refusal,character_length,temperature_low_minus_high,-5.9,-9.32,-1.0866666666666671,-1.0868103276479804,5
qwen35_9b,politeness_refusal,character_length,temperature_low_minus_high,-2.0600000000000023,-6.126666666666673,1.2288333333333012,-0.4291439021136116,5
qwen36_27b,politeness_refusal,character_length,temperature_low_minus_high,-15.513333333333332,-36.02,-0.5999999999999994,-0.6660347547041847,5
qwen36_35b_a3b,politeness_refusal,character_length,temperature_low_minus_high,-0.3266666666666621,-6.327833333333328,5.720000000000004,-0.0413563962276042,5
all_models,all,character_length,prompt_temperature_interaction,-1.922916666666667,-6.895479166666665,3.014656249999998,-0.0967036836541326,40
qwen35_4b,all,character_length,prompt_temperature_interaction,1.4016666666666664,-1.8916666666666668,4.660124999999999,0.1145481243096408,40
qwen35_9b,all,character_length,prompt_temperature_interaction,3.108333333333333,-0.0350416666666673,6.151666666666666,0.2811043746812062,40
qwen36_27b,all,character_length,prompt_temperature_interaction,-12.098333333333333,-28.978916666666677,4.812583333333321,-0.1804311076239707,40
qwen36_35b_a3b,all,character_length,prompt_temperature_interaction,-0.1033333333333322,-4.725124999999997,4.40033333333333,-0.0064978825379118,40
qwen35_4b,concision_detail,character_length,prompt_temperature_interaction,-3.426666666666665,-10.68,4.88,-0.3448359950191229,5
qwen35_9b,concision_detail,character_length,prompt_temperature_interaction,0.0266666666666655,-9.293333333333337,9.133333333333333,0.0022284969843716,5
qwen36_27b,concision_detail,character_length,prompt_temperature_interaction,-71.77333333333334,-143.66666666666669,0.120000000000013,-0.7785726690791072,5
qwen36_35b_a3b,concision_detail,character_length,prompt_temperature_interaction,-0.0666666666666628,-11.516333333333316,11.373333333333331,-0.0044669572864347,5
qwen35_4b,emotion_apology,character_length,prompt_temperature_interaction,8.106666666666666,0.6533333333333328,14.279999999999998,0.9771466351804384,5
qwen35_9b,emotion_apology,character_length,prompt_temperature_interaction,0.0133333333333308,-4.42666666666667,6.413333333333331,0.0018478796312668,5
qwen36_27b,emotion_apology,character_length,prompt_temperature_interaction,11.866666666666664,-32.36,60.32000000000001,0.1847461838109129,5
qwen36_35b_a3b,emotion_apology,character_length,prompt_temperature_interaction,4.933333333333335,-21.17333333333333,25.37333333333334,0.1678630423529241,5
qwen35_4b,empathy_clinical,character_length,prompt_temperature_interaction,-7.213333333333333,-14.453333333333337,0.0266666666666708,-0.7731885804291745,5
qwen35_9b,empathy_clinical,character_length,prompt_temperature_interaction,5.813333333333328,-8.733333333333345,16.73333333333333,0.3576318360866909,5
qwen36_27b,empathy_clinical,character_length,prompt_temperature_interaction,-49.81333333333333,-124.94666666666669,10.693333333333332,-0.5545284367153237,5
qwen36_35b_a3b,empathy_clinical,character_length,prompt_temperature_interaction,0.1866666666666653,-13.906666666666665,15.586666666666662,0.0097525639342032,5
qwen35_4b,expertise_explain,character_length,prompt_temperature_interaction,5.026666666666666,-8.853333333333333,18.906666666666663,0.2705825447603527,5
qwen35_9b,expertise_explain,character_length,prompt_temperature_interaction,10.54666666666667,4.413333333333336,16.680000000000003,1.3264084765319717,5
qwen36_27b,expertise_explain,character_length,prompt_temperature_interaction,19.266666666666666,-14.333333333333329,57.426666666666655,0.4200809926391846,5
qwen36_35b_a3b,expertise_explain,character_length,prompt_temperature_interaction,10.920000000000002,4.466666666666671,18.0,1.253244018277342,5
qwen35_4b,formality_request,character_length,prompt_temperature_interaction,9.45333333333333,-0.1600000000000022,19.77333333333333,0.7473547343376741,5
qwen35_9b,formality_request,character_length,prompt_temperature_interaction,7.666666666666669,-3.4133333333333318,21.640000000000008,0.4780124484737215,5
qwen36_27b,formality_request,character_length,prompt_temperature_interaction,42.28,1.693333333333334,81.38666666666666,0.820505621977712,5
qwen36_35b_a3b,formality_request,character_length,prompt_temperature_interaction,-4.226666666666665,-18.45333333333333,9.506666666666664,-0.2292976801423597,5
qwen35_4b,humor_neutral,character_length,prompt_temperature_interaction,-5.346666666666671,-12.400000000000006,-0.0266666666666702,-0.6497240008732202,5
qwen35_9b,humor_neutral,character_length,prompt_temperature_interaction,5.573333333333333,-1.5466666666666655,11.426666666666666,0.6519660684528913,5
qwen36_27b,humor_neutral,character_length,prompt_temperature_interaction,-1.56,-16.48,12.026666666666667,-0.083463814722001,5
qwen36_35b_a3b,humor_neutral,character_length,prompt_temperature_interaction,-0.7066666666666664,-7.746666666666668,5.813333333333143,-0.0786994437276675,5
qwen35_4b,objectivity_cat,character_length,prompt_temperature_interaction,2.093333333333333,-10.706666666666669,13.893333333333334,0.1289744718507638,5
qwen35_9b,objectivity_cat,character_length,prompt_temperature_interaction,-1.319999999999999,-8.853333333333332,4.973333333333332,-0.1509441884782527,5
qwen36_27b,objectivity_cat,character_length,prompt_temperature_interaction,-6.5066666666666695,-26.54666666666667,13.533333333333337,-0.2434246005244848,5
qwen36_35b_a3b,objectivity_cat,character_length,prompt_temperature_interaction,-4.759999999999998,-17.46666666666666,3.7199999999999935,-0.3449283412185668,5
qwen35_4b,politeness_refusal,character_length,prompt_temperature_interaction,2.520000000000001,-2.013333333333332,7.266666666666668,0.4299565082369547,5
qwen35_9b,politeness_refusal,character_length,prompt_temperature_interaction,-3.453333333333333,-7.586666666666664,2.6933333333333334,-0.4954227841160649,5
qwen36_27b,politeness_refusal,character_length,prompt_temperature_interaction,-40.54666666666667,-89.18666666666668,7.213333333333341,-0.6214208640024911,5
qwen36_35b_a3b,politeness_refusal,character_length,prompt_temperature_interaction,-7.106666666666667,-11.080000000000002,-2.4266666666666663,-1.2503334356075213,5
